class_id,class_name,original_images,original_boxes,augmented_images,augmented_boxes,final_images,final_boxes
0,candy,21,56,18,64,39,120
1,egg tart,3,8,20,60,23,68
2,french fries,166,189,38,38,204,227
3,chocolate,49,151,6,27,55,178
4,biscuit,218,345,81,126,299,471
5,popcorn,10,34,21,82,31,116
6,pudding,4,5,30,40,34,45
7,ice cream,635,854,84,99,719,953
8,cheese,276,432,59,113,335,545
9,cake,333,475,39,75,372,550
10,wine,96,117,41,44,137,161
11,milkshake,80,99,12,12,92,111
12,coffee,127,136,21,21,148,157
13,juice,129,151,48,60,177,211
14,milk,45,47,127,133,172,180
15,tea,24,29,62,77,86,106
16,almond,70,266,33,135,103,401
17,red beans,20,44,57,134,77,178
18,cashew,13,43,43,137,56,180
19,dried cranberries,18,79,3,5,21,84
20,soy,32,38,54,63,86,101
21,walnut,41,99,24,42,65,141
22,peanut,7,16,42,96,49,112
23,egg,223,305,81,109,304,414
24,apple,105,189,30,33,135,222
25,candied dates,7,14,30,60,37,74
26,apricot,22,39,66,115,88,154
27,avocado,57,96,27,42,84,138
28,banana,100,156,21,27,121,183
29,berry,388,718,78,102,466,820
30,cherry,159,462,12,39,171,501
31,blueberry,152,554,26,68,178,622
32,kiwi,47,107,9,36,56,143
33,coconut,43,75,6,6,49,81
34,fig,43,93,6,6,49,99
35,grape,73,132,9,24,82,156
36,grapefruit,423,608,122,140,545,748
37,hami melon,30,51,9,15,39,66
38,lemon,21,51,0,0,21,51
39,mango,94,195,15,15,109,210
40,olive,123,185,50,58,173,243
41,orange,38,64,12,15,50,79
42,papaya,20,39,49,82,69,121
43,peach,183,277,57,96,240,373
44,pear,29,65,9,21,38,86
45,pineapple,728,939,78,101,806,1040
46,plum,474,610,130,188,604,798
47,pomegranate,848,1111,110,146,958,1257
48,pomelo,196,364,52,89,248,453
49,cantaloupe,154,207,6,12,160,219
50,watermelon,71,83,3,3,74,86
51,star fruit,818,1066,269,344,1087,1410
52,strawberry,14,19,66,90,80,109
53,tomato,258,324,28,48,286,372
54,onion,30,73,18,54,48,127
55,celery,99,202,24,51,123,253
56,radish,67,78,18,42,85,120
57,garlic,990,1616,124,208,1114,1824
58,potato,343,401,48,48,391,449
59,ginger,5,7,50,70,55,77
60,asparagus,54,71,6,14,60,85
61,broccoli,19,22,102,114,121,136
62,cabbage,9,10,90,100,99,110
63,carrot,114,155,24,24,138,179
64,cauliflower,187,298,54,90,241,388
65,eggplant,464,629,92,176,556,805
66,kelp,397,490,51,61,448,551
67,lotus root,48,105,86,137,134,242
68,cucumber,19,33,45,81,64,114
69,mushroom,785,999,79,106,864,1105
70,okra,73,140,30,60,103,200
71,lettuce,157,233,16,26,173,259
72,pumpkin,790,1374,139,209,929,1583
73,spinach,1,4,10,40,11,44
74,yam,7,16,42,95,49,111
75,seaweed,133,280,57,165,190,445
76,tofu,54,58,34,50,88,108
77,pork,23,25,96,96,119,121
78,beef,15,33,48,98,63,131
79,lamb,403,710,126,210,529,920
80,duck,72,108,15,27,87,135
81,goose,369,547,96,143,465,690
82,chicken,36,55,15,21,51,76
83,pork belly,881,1379,137,227,1018,1606
84,sausage,187,312,34,43,221,355
85,ham,3,8,30,80,33,88
86,bacon,704,943,84,84,788,1027
87,fish,164,233,27,27,191,260
88,shell,636,1022,192,334,828,1356
89,crab,48,96,0,0,48,96
90,shrimp,94,138,12,33,106,171
91,abalone,24,33,61,79,85,112
92,squid,373,695,58,76,431,771
93,bread,305,528,105,174,410,702
94,burger,152,232,0,0,152,232
95,sandwich,253,337,35,51,288,388
96,pizza,10,12,56,68,66,80
97,pasta,82,182,60,134,142,316
98,noodles,6,9,60,90,66,99
99,rice,7,11,42,65,49,76
100,pie,99,190,18,30,117,220
101,dumpling,12,12,54,54,66,66
102,bread stick,155,217,24,42,179,259
