class_name,count
adhirasam,50
aloo_gobi,50
aloo_matar,50
aloo_methi,50
aloo_shimla_mirch,50
aloo_tikki,50
anarsa,50
ariselu,50
bandar_laddu,50
basundi,50
bhatura,50
bhindi_masala,50
biryani,50
boondi,50
butter_chicken,50
chak_hao_kheer,50
cham_cham,50
chana_masala,50
chapati,50
chhena_kheeri,50
chicken_razala,50
chicken_tikka,50
chicken_tikka_masala,50
chikki,50
daal_baati_churma,50
daal_puri,50
dal_makhani,50
dal_tadka,50
dharwad_pedha,50
doodhpak,50
double_ka_meetha,50
dum_aloo,50
gajar_ka_halwa,50
gavvalu,50
ghevar,50
gulab_jamun,50
imarti,50
jalebi,50
kachori,50
kadai_paneer,50
kadhi_pakoda,50
kajjikaya,50
kakinada_khaja,50
kalakand,50
karela_bharta,50
kofta,50
kuzhi_paniyaram,50
lassi,50
ledikeni,50
litti_chokha,50
lyangcha,50
maach_jhol,50
makki_di_roti_sarson_da_saag,50
malapua,50
misi_roti,50
misti_doi,50
modak,50
mysore_pak,50
naan,50
navrattan_korma,50
palak_paneer,50
paneer_butter_masala,50
phirni,50
pithe,50
poha,50
poornalu,50
pootharekulu,50
qubani_ka_meetha,50
rabri,50
ras_malai,50
rasgulla,50
sandesh,50
shankarpali,50
sheer_korma,50
sheera,50
shrikhand,50
sohan_halwa,50
sohan_papdi,50
sutar_feni,50
unni_appam,50
