food101_class,indianfood_class,match_type
scallops,,food101_only
steak,,food101_only
pizza,,food101_only
pho,,food101_only
falafel,,food101_only
paella,,food101_only
beef_carpaccio,,food101_only
hamburger,,food101_only
bread_pudding,,food101_only
takoyaki,,food101_only
croque_madame,,food101_only
chicken_wings,,food101_only
miso_soup,,food101_only
lobster_roll_sandwich,,food101_only
red_velvet_cake,,food101_only
chocolate_mousse,,food101_only
guacamole,,food101_only
greek_salad,,food101_only
carrot_cake,,food101_only
chicken_quesadilla,,food101_only
beef_tartare,,food101_only
omelette,,food101_only
deviled_eggs,,food101_only
sashimi,,food101_only
garlic_bread,,food101_only
cheese_plate,,food101_only
foie_gras,,food101_only
eggs_benedict,,food101_only
macaroni_and_cheese,,food101_only
lasagna,,food101_only
sushi,,food101_only
caprese_salad,,food101_only
clam_chowder,,food101_only
huevos_rancheros,,food101_only
gyoza,,food101_only
beignets,,food101_only
grilled_cheese_sandwich,,food101_only
tuna_tartare,,food101_only
baklava,,food101_only
cup_cakes,,food101_only
pork_chop,,food101_only
filet_mignon,,food101_only
spaghetti_bolognese,,food101_only
prime_rib,,food101_only
lobster_bisque,,food101_only
apple_pie,,food101_only
bibimbap,,food101_only
churros,,food101_only
seaweed_salad,,food101_only
french_fries,,food101_only
pad_thai,,food101_only
ice_cream,,food101_only
cheesecake,,food101_only
hot_dog,,food101_only
club_sandwich,,food101_only
ravioli,,food101_only
grilled_salmon,,food101_only
mussels,,food101_only
chicken_curry,,food101_only
panna_cotta,,food101_only
creme_brulee,,food101_only
fried_calamari,,food101_only
baby_back_ribs,,food101_only
strawberry_shortcake,,food101_only
gnocchi,,food101_only
crab_cakes,,food101_only
tiramisu,,food101_only
shrimp_and_grits,,food101_only
ceviche,,food101_only
oysters,,food101_only
frozen_yogurt,,food101_only
french_onion_soup,,food101_only
fish_and_chips,,food101_only
poutine,,food101_only
samosa,,food101_only
chocolate_cake,,food101_only
pulled_pork_sandwich,,food101_only
fried_rice,,food101_only
beet_salad,,food101_only
tacos,,food101_only
peking_duck,,food101_only
dumplings,,food101_only
macarons,,food101_only
risotto,,food101_only
donuts,,food101_only
breakfast_burrito,,food101_only
spaghetti_carbonara,,food101_only
cannoli,,food101_only
spring_rolls,,food101_only
pancakes,,food101_only
hummus,,food101_only
nachos,,food101_only
ramen,,food101_only
caesar_salad,,food101_only
bruschetta,,food101_only
escargots,,food101_only
waffles,,food101_only
edamame,,food101_only
onion_rings,,food101_only
hot_and_sour_soup,,food101_only
french_toast,,food101_only
,doodhpak,indian_only
,adhirasam,indian_only
,chapati,indian_only
,aloo_tikki,indian_only
,bandar_laddu,indian_only
,double_ka_meetha,indian_only
,naan,indian_only
,aloo_shimla_mirch,indian_only
,gavvalu,indian_only
,chicken_razala,indian_only
,malapua,indian_only
,shankarpali,indian_only
,mysore_pak,indian_only
,chicken_tikka_masala,indian_only
,kofta,indian_only
,chikki,indian_only
,poornalu,indian_only
,gajar_ka_halwa,indian_only
,daal_puri,indian_only
,basundi,indian_only
,bhatura,indian_only
,dharwad_pedha,indian_only
,jalebi,indian_only
,maach_jhol,indian_only
,sohan_halwa,indian_only
,chicken_tikka,indian_only
,litti_chokha,indian_only
,poha,indian_only
,ariselu,indian_only
,sohan_papdi,indian_only
,pithe,indian_only
,kachori,indian_only
,rabri,indian_only
,sandesh,indian_only
,lyangcha,indian_only
,makki_di_roti_sarson_da_saag,indian_only
,shrikhand,indian_only
,pootharekulu,indian_only
,chhena_kheeri,indian_only
,aloo_methi,indian_only
,kalakand,indian_only
,ras_malai,indian_only
,imarti,indian_only
,ledikeni,indian_only
,misti_doi,indian_only
,boondi,indian_only
,dum_aloo,indian_only
,kajjikaya,indian_only
,dal_makhani,indian_only
,kakinada_khaja,indian_only
,kadai_paneer,indian_only
,sheer_korma,indian_only
,bhindi_masala,indian_only
,dal_tadka,indian_only
,butter_chicken,indian_only
,navrattan_korma,indian_only
,modak,indian_only
,phirni,indian_only
,karela_bharta,indian_only
,unni_appam,indian_only
,palak_paneer,indian_only
,sutar_feni,indian_only
,rasgulla,indian_only
,paneer_butter_masala,indian_only
,ghevar,indian_only
,misi_roti,indian_only
,sheera,indian_only
,anarsa,indian_only
,lassi,indian_only
,chana_masala,indian_only
,chak_hao_kheer,indian_only
,kadhi_pakoda,indian_only
,gulab_jamun,indian_only
,daal_baati_churma,indian_only
,aloo_matar,indian_only
,biryani,indian_only
,cham_cham,indian_only
,aloo_gobi,indian_only
,kuzhi_paniyaram,indian_only
,qubani_ka_meetha,indian_only
