old_class_id,old_class_name,new_class_id,new_class_name
0,candy,0,candy
1,egg tart,1,egg tart
2,french fries,2,french fries
3,chocolate,3,chocolate
4,biscuit,4,biscuit
5,popcorn,5,popcorn
6,pudding,6,pudding
7,ice cream,7,ice cream
8,cheese,8,cheese
9,cake,9,cake
10,wine,10,wine
11,milkshake,11,milkshake
12,coffee,12,coffee
13,juice,13,juice
14,milk,14,milk
15,tea,15,tea
16,almond,16,almond
17,red beans,17,red beans
18,cashew,18,cashew
19,dried cranberries,19,dried cranberries
20,soy,20,soy
21,walnut,21,walnut
22,peanut,22,peanut
23,egg,23,egg
24,apple,24,apple
25,candied dates,25,candied dates
26,apricot,26,apricot
27,avocado,27,avocado
28,banana,28,banana
29,berry,29,berry
30,cherry,30,cherry
31,blueberry,31,blueberry
32,kiwi,32,kiwi
33,coconut,33,coconut
34,fig,34,fig
35,grape,35,grape
36,grapefruit,36,grapefruit
37,hami melon,37,hami melon
38,lemon,38,lemon
39,mango,39,mango
40,olive,40,olive
41,orange,41,orange
42,papaya,42,papaya
43,peach,43,peach
44,pear,44,pear
45,pineapple,45,pineapple
46,plum,46,plum
47,pomegranate,47,pomegranate
48,pomelo,48,pomelo
49,cantaloupe,49,cantaloupe
50,watermelon,50,watermelon
51,star fruit,51,star fruit
52,strawberry,52,strawberry
53,tomato,53,tomato
54,onion,54,onion
55,celery,55,celery
56,radish,56,radish
57,garlic,57,garlic
58,potato,58,potato
59,ginger,59,ginger
60,asparagus,60,asparagus
61,broccoli,61,broccoli
62,cabbage,62,cabbage
63,carrot,63,carrot
64,cauliflower,64,cauliflower
65,eggplant,65,eggplant
66,kelp,66,kelp
67,lotus root,67,lotus root
68,cucumber,68,cucumber
69,mushroom,69,mushroom
70,okra,70,okra
71,lettuce,71,lettuce
72,pumpkin,72,pumpkin
73,spinach,73,spinach
74,yam,74,yam
75,seaweed,75,seaweed
76,tofu,76,tofu
77,pork,77,pork
78,beef,78,beef
79,lamb,79,lamb
80,duck,80,duck
81,goose,81,goose
82,chicken,82,chicken
83,pork belly,83,pork belly
84,sausage,84,sausage
85,ham,85,ham
86,bacon,86,bacon
87,fish,87,fish
88,shell,88,shell
89,crab,89,crab
90,shrimp,90,shrimp
91,abalone,91,abalone
92,squid,92,squid
93,bread,93,bread
94,burger,94,burger
95,sandwich,95,sandwich
96,pizza,96,pizza
97,pasta,97,pasta
98,noodles,98,noodles
99,rice,99,rice
100,pie,100,pie
101,dumpling,101,dumpling
102,bread stick,102,bread stick
103,steamed bun,REMOVED,REMOVED
104,porridge,REMOVED,REMOVED
