image_filename,rare_class_count,rare_classes,box_count
4930.jpg,3,abalone|pizza|noodles,8
1699.jpg,2,milk|egg tart,6
4717.jpg,2,cashew|popcorn,4
1063.jpg,2,pudding|papaya,4
4764.jpg,2,pork|milk,5
4798.jpg,2,pork|milk,4
354.jpg,2,red beans|candied dates,12
2720.jpg,2,abalone|red beans,17
4921.jpg,2,red beans|beef,7
4474.jpg,2,cashew|peanut,8
4558.jpg,2,cashew|ham,7
4857.jpg,2,cashew|peanut,13
3036.jpg,2,abalone|cucumber,5
4787.jpg,2,ham|spinach,8
4886.jpg,2,dumpling|beef,2
1454.jpg,2,abalone|pizza,7
4702.jpg,2,noodles|pizza,5
